<?xml version="1.0" encoding="UTF-8" ?>
<extension type="package" version="2.5.0" method="upgrade">
    <name>EMS Online - Virtuemart Package</name>
    <description>EMS Online Virtuemart Package containing all available payment methods</description>
    <packagename>emspay</packagename>
    <author>Ginger Payments</author>
    <packager>Ginger Payments</packager>
    <creationDate>November 2017</creationDate>
    <copyright>Copyright 2018 - Ginger Payments B.V.</copyright>
    <license>The MIT License (MIT)</license>
    <authorEmail>plugins@gingerpayments.com</authorEmail>
    <authorUrl>https://www.gingerpayments.com</authorUrl>
    <version>1.1.0</version>
    <files folder="extensions">
        <file id="emspay" type="library">emspay.zip</file>
        <file id="emspayapplepay" type="plugin" group="vmpayment">emspayapplepay.zip</file>
        <file id="emspayafterpay" type="plugin" group="vmpayment">emspayafterpay.zip</file>
        <file id="emspaybancontact" type="plugin" group="vmpayment">emspaybancontact.zip</file>
        <file id="emspaybanktransfer" type="plugin" group="vmpayment">emspaybanktransfer.zip</file>
        <file id="emspaycreditcard" type="plugin" group="vmpayment">emspaycreditcard.zip</file>
        <file id="emspayideal" type="plugin" group="vmpayment">emspayideal.zip</file>
        <file id="emspayklarnapaylater" type="plugin" group="vmpayment">emspayklarnapaylater.zip</file>
        <file id="emspaypaypal" type="plugin" group="vmpayment">emspaypaypal.zip</file>
        <file id="emspayklarnapaynow" type="plugin" group="vmpayment">emspayklarnapaynow.zip</file>
        <file id="emspaypayconiq" type="plugin" group="vmpayment">emspaypayconiq.zip</file>
        <file id="emspayamex" type="plugin" group="vmpayment">emspayamex.zip</file>
        <file id="emspaytikkiepaymentrequest" type="plugin" group="vmpayment">emspaytikkiepaymentrequest.zip</file>
        <file id="emspaywechat" type="plugin" group="vmpayment">emspaywechat.zip</file>
    </files>
</extension>
